datetime,site_id,depth,observation,variable
2026-07-13 12:00:00,ORMS,0.0,0.02108181882739523,M1
2026-07-13 12:00:00,ORMS,0.0,-0.012553946507152568,M2
2026-07-13 12:00:00,ORMS,0.0,0.7097397827450144,Ws
2026-07-13 12:00:00,ORMS,0.0,8.058347513863635e-08,b_var
2026-07-13 12:00:00,ORMS,0.0,0.5859848709555175,eta
2026-07-13 12:00:00,ORMS,0.0,-0.5954868794735617,m_ratio
2026-07-13 12:00:00,ORMS,0.0,0.000721964119893094,n2_max
2026-07-13 12:00:00,ORMS,0.0,-0.0008768699505459894,n2_therm
2026-07-13 12:00:00,ORMS,0.0,2.0776083859752603e-05,z_fluc
2026-07-13 12:00:00,ORMS,0.0,2.2415101998435216,z_n2
2026-07-13 12:00:00,ORMS,0.0,3.5,z_therm
2026-07-13 12:00:00,ORMS,0.5,21.667763697353706,temperature
2026-07-13 12:00:00,ORMS,1.0,21.64353335818114,temperature
2026-07-13 12:00:00,ORMS,2.0,21.546563548266864,temperature
2026-07-13 12:00:00,ORMS,3.0,21.215654118524043,temperature
2026-07-13 12:00:00,ORMS,4.0,21.619351472232577,temperature
2026-07-14 12:00:00,ORMS,0.0,-7.600700469077783e-06,M1
2026-07-14 12:00:00,ORMS,0.0,-0.012922140166054866,M2
2026-07-14 12:00:00,ORMS,0.0,-0.0062110154907475965,Ws
2026-07-14 12:00:00,ORMS,0.0,8.766262831540656e-09,b_var
2026-07-14 12:00:00,ORMS,0.0,-0.0006406034730161165,eta
2026-07-14 12:00:00,ORMS,0.0,1700.124905411876,m_ratio
2026-07-14 12:00:00,ORMS,0.0,0.00024695606168063407,n2_max
2026-07-14 12:00:00,ORMS,0.0,0.00024671115577472996,n2_therm
2026-07-14 12:00:00,ORMS,0.0,-1.818313422052853e-07,z_fluc
2026-07-14 12:00:00,ORMS,0.0,1.4833106276835042,z_n2
2026-07-14 12:00:00,ORMS,0.0,1.3,z_therm
2026-07-14 12:00:00,ORMS,0.5,21.758701657458563,temperature
2026-07-14 12:00:00,ORMS,1.0,21.98911602209945,temperature
2026-07-14 12:00:00,ORMS,2.0,21.87828729281768,temperature
2026-07-14 12:00:00,ORMS,3.0,21.94828729281768,temperature
2026-07-14 12:00:00,ORMS,4.0,22.02828729281768,temperature
2026-07-15 12:00:00,ORMS,0.0,0.04211929474132185,M1
2026-07-15 12:00:00,ORMS,0.0,-0.013086017799666508,M2
2026-07-15 12:00:00,ORMS,0.0,1.4086207547539311,Ws
2026-07-15 12:00:00,ORMS,0.0,1.769750201919136e-07,b_var
2026-07-15 12:00:00,ORMS,0.0,0.7903979369184092,eta
2026-07-15 12:00:00,ORMS,0.0,-0.31068938547131575,m_ratio
2026-07-15 12:00:00,ORMS,0.0,0.0011488058129733149,n2_max
2026-07-15 12:00:00,ORMS,0.0,0.0011444442180539548,n2_therm
2026-07-15 12:00:00,ORMS,0.0,4.125513315789142e-05,z_fluc
2026-07-15 12:00:00,ORMS,0.0,1.6398828575609021,z_n2
2026-07-15 12:00:00,ORMS,0.0,1.3,z_therm
2026-07-15 12:00:00,ORMS,0.5,22.929386113232248,temperature
2026-07-15 12:00:00,ORMS,1.0,23.925478891676665,temperature
2026-07-15 12:00:00,ORMS,2.0,23.44964805825243,temperature
2026-07-15 12:00:00,ORMS,3.0,23.603632595178357,temperature
2026-07-15 12:00:00,ORMS,4.0,23.56437111377768,temperature
2026-07-16 12:00:00,ORMS,0.0,0.6541196065275086,M1
2026-07-16 12:00:00,ORMS,0.0,0.07968092921701367,M2
2026-07-16 12:00:00,ORMS,0.0,22.03431325482117,Ws
2026-07-16 12:00:00,ORMS,0.0,2.9926531320410928e-05,b_var
2026-07-16 12:00:00,ORMS,0.0,0.943249381042313,eta
2026-07-16 12:00:00,ORMS,0.0,0.1218140053009751,m_ratio
2026-07-16 12:00:00,ORMS,0.0,0.011161038194287033,n2_max
2026-07-16 12:00:00,ORMS,0.0,0.010709365820133673,n2_therm
2026-07-16 12:00:00,ORMS,0.0,0.0006448523547308849,z_fluc
2026-07-16 12:00:00,ORMS,0.0,1.8930230642129584,z_n2
2026-07-16 12:00:00,ORMS,0.0,1.3,z_therm
2026-07-16 12:00:00,ORMS,0.5,24.44571428571429,temperature
2026-07-16 12:00:00,ORMS,1.0,23.51,temperature
2026-07-16 12:00:00,ORMS,2.0,18.724285714285713,temperature
2026-07-16 12:00:00,ORMS,3.0,17.72285714285714,temperature
2026-07-16 12:00:00,ORMS,4.0,16.59714285714286,temperature
2026-07-17 12:00:00,ORMS,0.0,0.737596869140628,M1
2026-07-17 12:00:00,ORMS,0.0,0.07697373056110343,M2
2026-07-17 12:00:00,ORMS,0.0,24.839233423630635,Ws
2026-07-17 12:00:00,ORMS,0.0,3.837754490256522e-05,b_var
2026-07-17 12:00:00,ORMS,0.0,0.9393138787201394,eta
2026-07-17 12:00:00,ORMS,0.0,0.1043574529414493,m_ratio
2026-07-17 12:00:00,ORMS,0.0,0.012989697692389425,n2_max
2026-07-17 12:00:00,ORMS,0.0,0.012415297874125382,n2_therm
2026-07-17 12:00:00,ORMS,0.0,0.0007269954204576212,z_fluc
2026-07-17 12:00:00,ORMS,0.0,1.866037073144371,z_n2
2026-07-17 12:00:00,ORMS,0.0,1.3,z_therm
2026-07-17 12:00:00,ORMS,0.5,25.0616228144911,temperature
2026-07-17 12:00:00,ORMS,1.0,24.212281560480363,temperature
2026-07-17 12:00:00,ORMS,2.0,18.78669616873983,temperature
2026-07-17 12:00:00,ORMS,3.0,17.778367685596326,temperature
2026-07-17 12:00:00,ORMS,4.0,16.56806296448503,temperature
2026-07-18 12:00:00,ORMS,0.0,0.6695782499593879,M1
2026-07-18 12:00:00,ORMS,0.0,0.08941327712959765,M2
2026-07-18 12:00:00,ORMS,0.0,22.556251036220345,Ws
2026-07-18 12:00:00,ORMS,0.0,3.121015853240379e-05,b_var
2026-07-18 12:00:00,ORMS,0.0,0.9454970298616798,eta
2026-07-18 12:00:00,ORMS,0.0,0.13353671081015678,m_ratio
2026-07-18 12:00:00,ORMS,0.0,0.011437616508953878,n2_max
2026-07-18 12:00:00,ORMS,0.0,0.010969837952094014,n2_therm
2026-07-18 12:00:00,ORMS,0.0,0.0006601413776503584,z_fluc
2026-07-18 12:00:00,ORMS,0.0,1.9252279243141701,z_n2
2026-07-18 12:00:00,ORMS,0.0,1.3,z_therm
2026-07-18 12:00:00,ORMS,0.5,24.417882900491477,temperature
2026-07-18 12:00:00,ORMS,1.0,23.657067912680994,temperature
2026-07-18 12:00:00,ORMS,2.0,18.780922716596336,temperature
2026-07-18 12:00:00,ORMS,3.0,17.880365340131394,temperature
2026-07-18 12:00:00,ORMS,4.0,16.51225292709792,temperature
2026-07-19 12:00:00,ORMS,0.0,0.6029775454674622,M1
2026-07-19 12:00:00,ORMS,0.0,0.1015486651658215,M2
2026-07-19 12:00:00,ORMS,0.0,20.320726636721382,Ws
2026-07-19 12:00:00,ORMS,0.0,2.4947010850113292e-05,b_var
2026-07-19 12:00:00,ORMS,0.0,0.9523043156015815,eta
2026-07-19 12:00:00,ORMS,0.0,0.16841201787555,m_ratio
2026-07-19 12:00:00,ORMS,0.0,0.00993692389944344,n2_max
2026-07-19 12:00:00,ORMS,0.0,0.009565544780843878,n2_therm
2026-07-19 12:00:00,ORMS,0.0,0.0005946840930852737,z_fluc
2026-07-19 12:00:00,ORMS,0.0,1.9941258660907977,z_n2
2026-07-19 12:00:00,ORMS,0.0,1.3,z_therm
2026-07-19 12:00:00,ORMS,0.5,23.77414298649186,temperature
2026-07-19 12:00:00,ORMS,1.0,23.10185426488162,temperature
2026-07-19 12:00:00,ORMS,2.0,18.775149264452843,temperature
2026-07-19 12:00:00,ORMS,3.0,17.98236299466646,temperature
2026-07-19 12:00:00,ORMS,4.0,16.456442889710804,temperature
2026-07-20 12:00:00,ORMS,0.0,0.5378097099757126,M1
2026-07-20 12:00:00,ORMS,0.0,0.11337581003313807,M2
2026-07-20 12:00:00,ORMS,0.0,18.133159805050347,Ws
2026-07-20 12:00:00,ORMS,0.0,1.954167599031463e-05,b_var
2026-07-20 12:00:00,ORMS,0.0,0.9596418212029141,eta
2026-07-20 12:00:00,ORMS,0.0,0.2108102697481198,m_ratio
2026-07-20 12:00:00,ORMS,0.0,0.008488316364912289,n2_max
2026-07-20 12:00:00,ORMS,0.0,0.00791321698582602,n2_therm
2026-07-20 12:00:00,ORMS,0.0,0.0005306377439207033,z_fluc
2026-07-20 12:00:00,ORMS,0.0,2.0751475952942946,z_n2
2026-07-20 12:00:00,ORMS,0.0,1.5,z_therm
2026-07-20 12:00:00,ORMS,0.5,23.13040307249224,temperature
2026-07-20 12:00:00,ORMS,1.0,22.546640617082247,temperature
2026-07-20 12:00:00,ORMS,2.0,18.769375812309345,temperature
2026-07-20 12:00:00,ORMS,3.0,18.08436064920153,temperature
2026-07-20 12:00:00,ORMS,4.0,16.400632852323692,temperature
2026-07-21 12:00:00,ORMS,0.0,0.4740900807231745,M1
2026-07-21 12:00:00,ORMS,0.0,0.12489050832072691,M2
2026-07-21 12:00:00,ORMS,0.0,15.994062895999521,Ws
2026-07-21 12:00:00,ORMS,0.0,1.4948183417469809e-05,b_var
2026-07-21 12:00:00,ORMS,0.0,0.9671774552075912,eta
2026-07-21 12:00:00,ORMS,0.0,0.2634320214635573,m_ratio
2026-07-21 12:00:00,ORMS,0.0,0.007092513399067061,n2_max
2026-07-21 12:00:00,ORMS,0.0,0.0063447631393671764,n2_therm
2026-07-21 12:00:00,ORMS,0.0,0.00046801688522712936,z_fluc
2026-07-21 12:00:00,ORMS,0.0,2.17156927927423,z_n2
2026-07-21 12:00:00,ORMS,0.0,1.8,z_therm
2026-07-21 12:00:00,ORMS,0.5,22.486663158492618,temperature
2026-07-21 12:00:00,ORMS,1.0,21.991426969282873,temperature
2026-07-21 12:00:00,ORMS,2.0,18.76360236016585,temperature
2026-07-21 12:00:00,ORMS,3.0,18.186358303736593,temperature
2026-07-21 12:00:00,ORMS,4.0,16.34482281493658,temperature
2026-07-22 12:00:00,ORMS,0.0,0.4118343966104898,M1
2026-07-22 12:00:00,ORMS,0.0,0.13608843134535314,M2
2026-07-22 12:00:00,ORMS,0.0,13.903961663273854,Ws
2026-07-22 12:00:00,ORMS,0.0,1.1121035604529058e-05,b_var
2026-07-22 12:00:00,ORMS,0.0,0.9740204994772489,eta
2026-07-22 12:00:00,ORMS,0.0,0.33044454874434553,m_ratio
2026-07-22 12:00:00,ORMS,0.0,0.005750258860500939,n2_max
2026-07-22 12:00:00,ORMS,0.0,0.005604239241663838,n2_therm
2026-07-22 12:00:00,ORMS,0.0,0.0004068364683995629,z_fluc
2026-07-22 12:00:00,ORMS,0.0,2.28794402491098,z_n2
2026-07-22 12:00:00,ORMS,0.0,1.3,z_therm
2026-07-22 12:00:00,ORMS,0.5,21.842923244493,temperature
2026-07-22 12:00:00,ORMS,1.0,21.436213321483503,temperature
2026-07-22 12:00:00,ORMS,2.0,18.757828908022358,temperature
2026-07-22 12:00:00,ORMS,3.0,18.288355958271662,temperature
2026-07-22 12:00:00,ORMS,4.0,16.28901277754947,temperature
2026-07-23 12:00:00,ORMS,0.0,0.35105881693427904,M1
2026-07-23 12:00:00,ORMS,0.0,0.14696511866215373,M2
2026-07-23 12:00:00,ORMS,0.0,11.863395883570849,Ws
2026-07-23 12:00:00,ORMS,0.0,8.01522646761769e-06,b_var
2026-07-23 12:00:00,ORMS,0.0,0.9779557345483274,eta
2026-07-23 12:00:00,ORMS,0.0,0.41863389145319985,m_ratio
2026-07-23 12:00:00,ORMS,0.0,0.00446232234582602,n2_max
2026-07-23 12:00:00,ORMS,0.0,0.0038566462068822457,n2_therm
2026-07-23 12:00:00,ORMS,0.0,0.00034711185957725377,z_fluc
2026-07-23 12:00:00,ORMS,0.0,2.430788563749709,z_n2
2026-07-23 12:00:00,ORMS,0.0,3.3000000000000003,z_therm
2026-07-23 12:00:00,ORMS,0.5,21.199183330493383,temperature
2026-07-23 12:00:00,ORMS,1.0,20.88099967368413,temperature
2026-07-23 12:00:00,ORMS,2.0,18.752055455878864,temperature
2026-07-23 12:00:00,ORMS,3.0,18.390353612806727,temperature
2026-07-23 12:00:00,ORMS,4.0,16.233202740162355,temperature
2026-07-24 12:00:00,ORMS,0.0,0.2917799401213733,M1
2026-07-24 12:00:00,ORMS,0.0,0.15751597156922484,M2
2026-07-24 12:00:00,ORMS,0.0,9.872919980890108,Ws
2026-07-24 12:00:00,ORMS,0.0,5.586260700368218e-06,b_var
2026-07-24 12:00:00,ORMS,0.0,0.9735800958663782,eta
2026-07-24 12:00:00,ORMS,0.0,0.5398451021125785,m_ratio
2026-07-24 12:00:00,ORMS,0.0,0.004268254909160494,n2_max
2026-07-24 12:00:00,ORMS,0.0,0.004094206330386256,n2_therm
2026-07-24 12:00:00,ORMS,0.0,0.00028885885807738987,z_fluc
2026-07-24 12:00:00,ORMS,0.0,2.6097660330444437,z_n2
2026-07-24 12:00:00,ORMS,0.0,3.4000000000000004,z_therm
2026-07-24 12:00:00,ORMS,0.5,20.555443416493762,temperature
2026-07-24 12:00:00,ORMS,1.0,20.325786025884756,temperature
2026-07-24 12:00:00,ORMS,2.0,18.74628200373537,temperature
2026-07-24 12:00:00,ORMS,3.0,18.492351267341796,temperature
2026-07-24 12:00:00,ORMS,4.0,16.177392702775244,temperature
2026-07-25 12:00:00,ORMS,0.0,0.23401482246298622,M1
2026-07-25 12:00:00,ORMS,0.0,0.1677362466142996,M2
2026-07-25 12:00:00,ORMS,0.0,7.933103650415738,Ws
2026-07-25 12:00:00,ORMS,0.0,3.790174155780988e-06,b_var
2026-07-25 12:00:00,ORMS,0.0,0.9479181024479816,eta
2026-07-25 12:00:00,ORMS,0.0,0.7167761633596103,m_ratio
2026-07-25 12:00:00,ORMS,0.0,0.004582094983855773,n2_max
2026-07-25 12:00:00,ORMS,0.0,0.004450237618695642,n2_therm
2026-07-25 12:00:00,ORMS,0.0,0.00023209371482479924,z_fluc
2026-07-25 12:00:00,ORMS,0.0,2.839840142681884,z_n2
2026-07-25 12:00:00,ORMS,0.0,3.3000000000000003,z_therm
2026-07-25 12:00:00,ORMS,0.5,19.91170350249414,temperature
2026-07-25 12:00:00,ORMS,1.0,19.770572378085383,temperature
2026-07-25 12:00:00,ORMS,2.0,18.740508551591876,temperature
2026-07-25 12:00:00,ORMS,3.0,18.59434892187686,temperature
2026-07-25 12:00:00,ORMS,4.0,16.121582665388132,temperature
2026-07-26 12:00:00,ORMS,0.0,0.17778099684819043,M1
2026-07-26 12:00:00,ORMS,0.0,0.1776210491008995,M2
2026-07-26 12:00:00,ORMS,0.0,6.044532482785718,Ws
2026-07-26 12:00:00,ORMS,0.0,2.583555427857904e-06,b_var
2026-07-26 12:00:00,ORMS,0.0,0.8721962142130968,eta
2026-07-26 12:00:00,ORMS,0.0,0.9991003102124153,m_ratio
2026-07-26 12:00:00,ORMS,0.0,0.0048988098934096376,n2_max
2026-07-26 12:00:00,ORMS,0.0,0.004292344117231532,n2_therm
2026-07-26 12:00:00,ORMS,0.0,0.00017683315080274653,z_fluc
2026-07-26 12:00:00,ORMS,0.0,3.1454789239098204,z_n2
2026-07-26 12:00:00,ORMS,0.0,3.9000000000000004,z_therm
2026-07-26 12:00:00,ORMS,0.5,19.267963588494524,temperature
2026-07-26 12:00:00,ORMS,1.0,19.215358730286013,temperature
2026-07-26 12:00:00,ORMS,2.0,18.734735099448383,temperature
2026-07-26 12:00:00,ORMS,3.0,18.69634657641193,temperature
2026-07-26 12:00:00,ORMS,4.0,16.06577262800102,temperature
2026-07-27 12:00:00,ORMS,0.0,0.14553361830345393,M1
2026-07-27 12:00:00,ORMS,0.0,0.20648896619263146,M2
2026-07-27 12:00:00,ORMS,0.0,4.969986417662001,Ws
2026-07-27 12:00:00,ORMS,0.0,2.448176358596606e-06,b_var
2026-07-27 12:00:00,ORMS,0.0,0.7334576291655112,eta
2026-07-27 12:00:00,ORMS,0.0,1.4188403243165355,m_ratio
2026-07-27 12:00:00,ORMS,0.0,0.005740365693368454,n2_max
2026-07-27 12:00:00,ORMS,0.0,0.005541288360408845,n2_therm
2026-07-27 12:00:00,ORMS,0.0,0.0001453956698120873,z_fluc
2026-07-27 12:00:00,ORMS,0.0,3.4846131784874674,z_n2
2026-07-27 12:00:00,ORMS,0.0,3.3000000000000003,z_therm
2026-07-27 12:00:00,ORMS,0.5,18.9,temperature
2026-07-27 12:00:00,ORMS,1.0,18.91,temperature
2026-07-27 12:00:00,ORMS,2.0,18.91,temperature
2026-07-27 12:00:00,ORMS,3.0,18.94611111111111,temperature
2026-07-27 12:00:00,ORMS,4.0,15.9,temperature
2026-07-28 12:00:00,ORMS,0.0,0.14386854531554877,M1
2026-07-28 12:00:00,ORMS,0.0,0.20499709255344217,M2
2026-07-28 12:00:00,ORMS,0.0,4.913256257887242,Ws
2026-07-28 12:00:00,ORMS,0.0,2.408518379456054e-06,b_var
2026-07-28 12:00:00,ORMS,0.0,0.731035028770039,eta
2026-07-28 12:00:00,ORMS,0.0,1.4248916752707783,m_ratio
2026-07-28 12:00:00,ORMS,0.0,0.005706593555583068,n2_max
2026-07-28 12:00:00,ORMS,0.0,0.005417527581472973,n2_therm
2026-07-28 12:00:00,ORMS,0.0,0.00014374076467427166,z_fluc
2026-07-28 12:00:00,ORMS,0.0,3.485216678874648,z_n2
2026-07-28 12:00:00,ORMS,0.0,3.4000000000000004,z_therm
2026-07-28 12:00:00,ORMS,0.5,19.090441571305686,temperature
2026-07-28 12:00:00,ORMS,1.0,19.07239214868493,temperature
2026-07-28 12:00:00,ORMS,2.0,19.07239214868493,temperature
2026-07-28 12:00:00,ORMS,3.0,19.119466282616063,temperature
2026-07-28 12:00:00,ORMS,4.0,16.121430023720773,temperature
2026-07-29 12:00:00,ORMS,0.0,0.14726069214811252,M1
2026-07-29 12:00:00,ORMS,0.0,0.2095593267051917,M2
2026-07-29 12:00:00,ORMS,0.0,5.029058061544512,Ws
2026-07-29 12:00:00,ORMS,0.0,2.5184002691501475e-06,b_var
2026-07-29 12:00:00,ORMS,0.0,0.7317856042557244,eta
2026-07-29 12:00:00,ORMS,0.0,1.4230499914696868,m_ratio
2026-07-29 12:00:00,ORMS,0.0,0.005828449887887729,n2_max
2026-07-29 12:00:00,ORMS,0.0,0.005026008160754717,n2_therm
2026-07-29 12:00:00,ORMS,0.0,0.00014713272215893802,z_fluc
2026-07-29 12:00:00,ORMS,0.0,3.485142551223979,z_n2
2026-07-29 12:00:00,ORMS,0.0,3.9000000000000004,z_therm
2026-07-29 12:00:00,ORMS,0.5,19.237856338849223,temperature
2026-07-29 12:00:00,ORMS,1.0,19.22185434355546,temperature
2026-07-29 12:00:00,ORMS,2.0,19.22185434355546,temperature
2026-07-29 12:00:00,ORMS,3.0,19.265857336496104,temperature
2026-07-29 12:00:00,ORMS,4.0,16.227896244724437,temperature
2026-07-30 12:00:00,ORMS,0.0,0.15068475185413455,M1
2026-07-30 12:00:00,ORMS,0.0,0.21416272234359113,M2
2026-07-30 12:00:00,ORMS,0.0,5.145949028441197,Ws
2026-07-30 12:00:00,ORMS,0.0,2.631783452373515e-06,b_var
2026-07-30 12:00:00,ORMS,0.0,0.7325138096949274,eta
2026-07-30 12:00:00,ORMS,0.0,1.4212633973137796,m_ratio
2026-07-30 12:00:00,ORMS,0.0,0.005951373070587681,n2_max
2026-07-30 12:00:00,ORMS,0.0,0.005648467923002824,n2_therm
2026-07-30 12:00:00,ORMS,0.0,0.00015055676792652406,z_fluc
2026-07-30 12:00:00,ORMS,0.0,3.4850703783330528,z_n2
2026-07-30 12:00:00,ORMS,0.0,3.4000000000000004,z_therm
2026-07-30 12:00:00,ORMS,0.5,19.38527110639276,temperature
2026-07-30 12:00:00,ORMS,1.0,19.371316538425994,temperature
2026-07-30 12:00:00,ORMS,2.0,19.371316538425994,temperature
2026-07-30 12:00:00,ORMS,3.0,19.412248390376146,temperature
2026-07-30 12:00:00,ORMS,4.0,16.334362465728105,temperature
2026-07-31 12:00:00,ORMS,0.0,0.15414059271839606,M1
2026-07-31 12:00:00,ORMS,0.0,0.21880711326205263,M2
2026-07-31 12:00:00,ORMS,0.0,5.263924663700781,Ws
2026-07-31 12:00:00,ORMS,0.0,2.748732246592778e-06,b_var
2026-07-31 12:00:00,ORMS,0.0,0.7332206207457395,eta
2026-07-31 12:00:00,ORMS,0.0,1.419529465945403,m_ratio
2026-07-31 12:00:00,ORMS,0.0,0.006075358783547171,n2_max
2026-07-31 12:00:00,ORMS,0.0,0.005765439373115842,n2_therm
2026-07-31 12:00:00,ORMS,0.0,0.00015401277534321522,z_fluc
2026-07-31 12:00:00,ORMS,0.0,3.485000093753801,z_n2
2026-07-31 12:00:00,ORMS,0.0,3.4000000000000004,z_therm
2026-07-31 12:00:00,ORMS,0.5,19.5326858739363,temperature
2026-07-31 12:00:00,ORMS,1.0,19.520778733296524,temperature
2026-07-31 12:00:00,ORMS,2.0,19.520778733296524,temperature
2026-07-31 12:00:00,ORMS,3.0,19.558639444256183,temperature
2026-07-31 12:00:00,ORMS,4.0,16.44082868673177,temperature
2026-08-01 12:00:00,ORMS,0.0,0.15762808425835403,M1
2026-08-01 12:00:00,ORMS,0.0,0.22349233478007452,M2
2026-08-01 12:00:00,ORMS,0.0,5.382980514422122,Ws
2026-08-01 12:00:00,ORMS,0.0,2.8693112735795263e-06,b_var
2026-08-01 12:00:00,ORMS,0.0,0.7339069573908256,eta
2026-08-01 12:00:00,ORMS,0.0,1.417845911352753,m_ratio
2026-08-01 12:00:00,ORMS,0.0,0.006200402751317652,n2_max
2026-08-01 12:00:00,ORMS,0.0,0.00588340654213234,n2_therm
2026-08-01 12:00:00,ORMS,0.0,0.0001575006190228656,z_fluc
2026-08-01 12:00:00,ORMS,0.0,3.4849316339267746,z_n2
2026-08-01 12:00:00,ORMS,0.0,3.4000000000000004,z_therm
2026-08-01 12:00:00,ORMS,0.5,19.680100641479836,temperature
2026-08-01 12:00:00,ORMS,1.0,19.670240928167054,temperature
2026-08-01 12:00:00,ORMS,2.0,19.670240928167054,temperature
2026-08-01 12:00:00,ORMS,3.0,19.705030498136225,temperature
2026-08-01 12:00:00,ORMS,4.0,16.547294907735434,temperature
2026-08-02 12:00:00,ORMS,0.0,0.1611470972082663,M1
2026-08-02 12:00:00,ORMS,0.0,0.22821822372735417,M2
2026-08-02 12:00:00,ORMS,0.0,5.503112169224718,Ws
2026-08-02 12:00:00,ORMS,0.0,2.9935854552901044e-06,b_var
2026-08-02 12:00:00,ORMS,0.0,0.7345736878366315,eta
2026-08-02 12:00:00,ORMS,0.0,1.4162105782917407,m_ratio
2026-08-02 12:00:00,ORMS,0.0,0.006326500742647886,n2_max
2026-08-02 12:00:00,ORMS,0.0,0.0060023656260698565,n2_therm
2026-08-02 12:00:00,ORMS,0.0,0.0001610201748134532,z_fluc
2026-08-02 12:00:00,ORMS,0.0,3.4848649380259396,z_n2
2026-08-02 12:00:00,ORMS,0.0,3.4000000000000004,z_therm
2026-08-02 12:00:00,ORMS,0.5,19.827515409023373,temperature
2026-08-02 12:00:00,ORMS,1.0,19.819703123037588,temperature
2026-08-02 12:00:00,ORMS,2.0,19.819703123037588,temperature
2026-08-02 12:00:00,ORMS,3.0,19.851421552016266,temperature
2026-08-02 12:00:00,ORMS,4.0,16.653761128739102,temperature
2026-08-03 12:00:00,ORMS,0.0,0.1646975035044921,M1
2026-08-03 12:00:00,ORMS,0.0,0.23298461842098048,M2
2026-08-03 12:00:00,ORMS,0.0,5.624315257657235,Ws
2026-08-03 12:00:00,ORMS,0.0,3.1216200098402016e-06,b_var
2026-08-03 12:00:00,ORMS,0.0,0.7352216320941589,eta
2026-08-03 12:00:00,ORMS,0.0,1.4146214330117386,m_ratio
2026-08-03 12:00:00,ORMS,0.0,0.006453648569717143,n2_max
2026-08-03 12:00:00,ORMS,0.0,0.006343945639453894,n2_therm
2026-08-03 12:00:00,ORMS,0.0,0.00016457131977953843,z_fluc
2026-08-03 12:00:00,ORMS,0.0,3.4847999478175935,z_n2
2026-08-03 12:00:00,ORMS,0.0,3.2,z_therm
2026-08-03 12:00:00,ORMS,0.5,19.97493017656691,temperature
2026-08-03 12:00:00,ORMS,1.0,19.969165317908118,temperature
2026-08-03 12:00:00,ORMS,2.0,19.969165317908118,temperature
2026-08-03 12:00:00,ORMS,3.0,19.997812605896307,temperature
2026-08-03 12:00:00,ORMS,4.0,16.760227349742767,temperature
2026-08-04 12:00:00,ORMS,0.0,0.16827917627035588,M1
2026-08-04 12:00:00,ORMS,0.0,0.23779135865667528,M2
2026-08-04 12:00:00,ORMS,0.0,5.746585450023216,Ws
2026-08-04 12:00:00,ORMS,0.0,3.253480447564984e-06,b_var
2026-08-04 12:00:00,ORMS,0.0,0.7358515652651662,eta
2026-08-04 12:00:00,ORMS,0.0,1.4130765548474145,m_ratio
2026-08-04 12:00:00,ORMS,0.0,0.006581842087556183,n2_max
2026-08-04 12:00:00,ORMS,0.0,0.006013599095260972,n2_therm
2026-08-04 12:00:00,ORMS,0.0,0.00016815393219693497,z_fluc
2026-08-04 12:00:00,ORMS,0.0,3.4847366075191823,z_n2
2026-08-04 12:00:00,ORMS,0.0,3.6,z_therm
2026-08-04 12:00:00,ORMS,0.5,20.12234494411045,temperature
2026-08-04 12:00:00,ORMS,1.0,20.118627512778648,temperature
2026-08-04 12:00:00,ORMS,2.0,20.118627512778648,temperature
2026-08-04 12:00:00,ORMS,3.0,20.14420365977635,temperature
2026-08-04 12:00:00,ORMS,4.0,16.866693570746435,temperature
2026-08-05 12:00:00,ORMS,0.0,0.17189198980075393,M1
2026-08-05 12:00:00,ORMS,0.0,0.24263828567871235,M2
2026-08-05 12:00:00,ORMS,0.0,5.869918456356771,Ws
2026-08-05 12:00:00,ORMS,0.0,3.389232567139165e-06,b_var
2026-08-05 12:00:00,ORMS,0.0,0.7364642205647505,eta
2026-08-05 12:00:00,ORMS,0.0,1.4115741283812173,m_ratio
2026-08-05 12:00:00,ORMS,0.0,0.006711077193316458,n2_max
2026-08-05 12:00:00,ORMS,0.0,0.0063651568753544776,n2_therm
2026-08-05 12:00:00,ORMS,0.0,0.00017176789152251182,z_fluc
2026-08-05 12:00:00,ORMS,0.0,3.4846748636764557,z_n2
2026-08-05 12:00:00,ORMS,0.0,3.4000000000000004,z_therm
2026-08-05 12:00:00,ORMS,0.5,20.269759711653986,temperature
2026-08-05 12:00:00,ORMS,1.0,20.268089707649178,temperature
2026-08-05 12:00:00,ORMS,2.0,20.268089707649178,temperature
2026-08-05 12:00:00,ORMS,3.0,20.29059471365639,temperature
2026-08-05 12:00:00,ORMS,4.0,16.9731597917501,temperature
2026-08-06 12:00:00,ORMS,0.0,0.1621428200326045,M1
2026-08-06 12:00:00,ORMS,0.0,0.23417487996239722,M2
2026-08-06 12:00:00,ORMS,0.0,5.537838844726268,Ws
2026-08-06 12:00:00,ORMS,0.0,3.1278398063264233e-06,b_var
2026-08-06 12:00:00,ORMS,0.0,0.7231778994143573,eta
2026-08-06 12:00:00,ORMS,0.0,1.4442506915527198,m_ratio
2026-08-06 12:00:00,ORMS,0.0,0.006575049093312602,n2_max
2026-08-06 12:00:00,ORMS,0.0,0.006038240801484593,n2_therm
2026-08-06 12:00:00,ORMS,0.0,0.0001620590188917692,z_fluc
2026-08-06 12:00:00,ORMS,0.0,3.4861786022667998,z_n2
2026-08-06 12:00:00,ORMS,0.0,3.6,z_therm
2026-08-06 12:00:00,ORMS,0.5,20.46,temperature
2026-08-06 12:00:00,ORMS,1.0,20.49,temperature
2026-08-06 12:00:00,ORMS,2.0,20.49,temperature
2026-08-06 12:00:00,ORMS,3.0,20.58,temperature
2026-08-06 12:00:00,ORMS,4.0,17.3790625,temperature
